{"cameraMode":{"drawMode":0,"name":"Shaded","section":"Shading Mode"},"sceneLighting":true,"audioPlay":false,"sceneViewState":{"m_AlwaysRefresh":false,"showFog":true,"showSkybox":true,"showFlares":true,"showImageEffects":true,"showParticleSystems":true,"showVisualEffectGraphs":true,"m_FxEnabled":true},"in2DMode":false,"pivot":{"x":2.669311285018921,"y":-0.40236663818359377,"z":-5.225734710693359},"rotation":{"x":-0.3637506365776062,"y":-0.009224005974829197,"z":0.0036021254491060974,"w":-0.9314451813697815},"size":8.630826950073243,"orthographic":false}